,idCamion,idPedido,start_date,end_date,tipo
0,A115178B,2208AR128-003,2022-08-01 07:00:00,2022-08-01 10:57:48.796107,Entrega
1,A114833A,1902AR031-001,2022-08-01 07:00:00,2022-08-01 13:22:09.616142,Entrega
2,A104877C,2003AP002-001,2022-08-01 07:00:00,2022-08-01 12:20:29.225291,Entrega
3,A104161C,2201AP001-003,2022-08-01 07:00:00,2022-08-01 12:09:22.954784,Entrega
4,A109742A,2121AP026-001,2022-08-01 07:00:00,2022-08-01 10:08:08.636292,Entrega
5,A104877C,2200AR024-013,2022-08-02 07:00:00.225291,2022-08-02 17:53:10.613808,Entrega
6,A129527A,2202AR011-001,2022-08-01 07:00:00,2022-08-01 11:24:13.556519,Entrega
7,A118173B,2105AR089-002,2022-08-01 07:00:00,2022-08-01 10:48:26.374603,Entrega
8,A118173B,2211AR074-001,2022-08-01 10:48:26.374603,2022-08-04 08:00:00,Entrega
9,A103451A,2103AR060-001,2022-08-01 07:00:00,2022-08-03 08:00:00,Entrega
10,A110372B,2201AP004-002,2022-08-01 07:00:00,2022-08-01 15:46:59.007042,Entrega
11,A124517A,2015AP002-003,2022-08-01 07:00:00,2022-08-01 09:44:26.873191,Entrega
12,AA9001D,2111AR091-002,2022-08-01 07:00:00,2022-08-01 11:45:23.027391,Entrega
13,A125695B,2208AR163-012,2022-08-01 07:00:00,2022-08-01 10:57:44.334827,Entrega
14,A104161C,2204AR007-005,2022-08-01 12:09:22.954784,2022-08-01 14:50:18.156012,Entrega
15,A103958A,2106AP002-001,2022-08-01 07:00:00,2022-08-01 11:15:45.341233,Entrega
16,A104161C,2112AP002-003,2022-08-01 14:50:18.156012,2022-08-03 08:00:00,Entrega
17,A118173B,1808AR366-006,2022-08-04 08:00:00,2022-08-04 11:51:06.274250,Entrega
18,AA9001C,2105AR113-002,2022-08-01 07:00:00,2022-08-01 09:51:56.118975,Entrega
19,A121837A,2016AR017-002,2022-08-01 07:00:00,2022-08-01 11:02:14.167214,Entrega
20,A103958A,2117AP033-004,2022-08-01 11:15:45.341233,2022-08-01 16:12:00.859082,Entrega
21,AA9001D,1917AR144-008,2022-08-01 11:45:23.027391,2022-08-01 16:59:56.235302,Entrega
22,A125695B,2107AR164-015,2022-08-01 10:57:44.334827,2022-08-01 14:26:23.507067,Entrega
23,A106626A,2102AR029-002,2022-08-01 07:00:00,2022-08-01 11:34:41.708229,Entrega
24,A103628A,2112AR178-002,2022-08-01 07:00:00,2022-08-01 10:22:08.180071,Entrega
25,AA9001F,2202AR010-002,2022-08-01 07:00:00,2022-08-01 12:07:14.424062,Entrega
26,A121837A,2204AR043-003,2022-08-01 11:02:14.167214,2022-08-03 08:00:00,Entrega
27,A109742A,2005AR125-001,2022-08-01 10:08:08.636292,2022-08-01 15:07:39.440411,Entrega
28,A103451A,2107AR108-005,2022-08-03 08:00:00,2022-08-03 12:05:48.757391,Entrega
29,AA9001D,2108AR132-002,2022-08-01 16:59:56.235302,2022-08-03 14:00:00,Entrega
30,A124517A,2212AR050-006,2022-08-01 09:44:26.873191,2022-08-01 12:05:54.080401,Entrega
31,A127343A,2202AP001-016,2022-08-01 07:00:00,2022-08-01 13:50:09.677012,Entrega
32,A103451A,2200AR023-001,2022-08-04 07:00:00.757391,2022-08-04 17:28:34.702982,Entrega
33,A115178C,1912AP008-004,2022-08-02 07:00:00,2022-08-02 12:20:52.280380,Entrega
34,A109742A,2021AR022-003,2022-08-01 15:07:39.440411,2022-08-03 08:00:00,Entrega
35,A103958A,2113AR062-001,2022-08-01 16:12:00.859082,2022-08-01 19:46:31.890472,Entrega
36,AA9001D,1907AR256-015,2022-08-04 07:00:00,2022-08-04 10:29:07.597366,Entrega
37,A118173B,2108AR173-001,2022-08-04 11:51:06.274250,2022-08-04 14:45:10.485209,Entrega
38,A110372B,2212AP008-015,2022-08-01 15:46:59.007042,2022-08-01 18:52:15.614303,Entrega
39,A106626A,2107AR164-011,2022-08-01 11:34:41.708229,2022-08-01 14:07:48.293355,Entrega
40,A103628A,2104AP001-001,2022-08-01 10:22:08.180071,2022-08-01 14:16:29.977645,Entrega
41,A103628A,2006AP002-006,2022-08-01 14:16:29.977645,2022-08-01 18:16:36.101928,Entrega
42,A115178C,2104AR035-013,2022-08-02 12:20:52.280380,2022-08-04 14:00:00,Entrega
43,A103451F,2001AR037-002,2022-08-02 07:00:00,2022-08-04 08:00:00,Entrega
44,A107070A,2013AP004-002,2022-08-01 07:00:00,2022-08-01 10:45:51.223206,Entrega
45,A103451A,1905AP005-005,2022-08-06 07:00:00.702982,2022-08-06 11:29:17.503552,Entrega
46,A101602A,2108AR094-001,2022-08-01 07:00:00,2022-08-01 10:33:12.073916,Entrega
47,A114833A,2014AP010-006,2022-08-01 13:22:09.616142,2022-08-01 16:45:32.126292,Entrega
48,A127343A,2021AR117-003,2022-08-01 13:50:09.677012,2022-08-01 18:32:40.036084,Entrega
49,A114833A,2202AR006-001,2022-08-02 07:00:00.126292,2022-08-02 12:20:14.921852,Entrega
50,A104877C,2002AP003-002,2022-08-03 07:00:00.613808,2022-08-03 12:48:12.910010,Entrega
51,A118173B,2110AR040-001,2022-08-04 14:45:10.485209,2022-08-06 08:00:00,Entrega
52,A103761D,1905AR021-001,2022-08-02 07:00:00,2022-08-02 12:40:14.194082,Entrega
53,A106626A,2102AR065-001,2022-08-02 07:00:00.293355,2022-08-02 13:55:15.035036,Entrega
54,A102966A,2107AR125-001,2022-08-01 07:00:00,2022-08-01 11:19:27.269495,Entrega
55,A118173B,2010AR086-005,2022-08-07 07:00:00,2022-08-07 11:01:25.246066,Entrega
56,A103958A,2209AR040-010,2022-08-02 07:00:00.890472,2022-08-02 10:37:13.386953,Entrega
57,A110372B,2107AR164-050,2022-08-02 07:00:00.614303,2022-08-02 10:01:30.371075,Entrega
58,A115178C,2111AR111-001,2022-08-05 07:00:00,2022-08-07 08:00:00,Entrega
59,A101602A,1902AR067-005,2022-08-01 10:33:12.073916,2022-08-03 08:00:00,Entrega
60,A101602B,2107AR100-002,2022-08-01 07:00:00,2022-08-01 11:29:10.844236,Entrega
61,A124517A,2013AP004-003,2022-08-01 12:05:54.080401,2022-08-01 14:22:27.368108,Entrega
62,A125695B,2212AP009-005,2022-08-01 14:26:23.507067,2022-08-01 17:39:25.972145,Entrega
63,A127343A,1907AR341-014,2022-08-02 07:00:00.036084,2022-08-02 12:05:12.690828,Entrega
64,A121837A,2204AP004-005,2022-08-03 08:00:00,2022-08-03 12:45:52.119957,Entrega
65,A107070A,2003AR131-001,2022-08-01 10:45:51.223206,2022-08-01 17:38:19.557151,Entrega
66,A103761D,2204AR020-011,2022-08-02 12:40:14.194082,2022-08-02 17:54:48.540671,Entrega
67,A104877A,1907AR441-016,2022-08-01 07:00:00,2022-08-01 10:08:14.372246,Entrega
68,A107070A,1907AR441-028,2022-08-02 07:00:00.557151,2022-08-02 12:11:59.881960,Entrega
69,A129527A,2014AP010-002,2022-08-01 11:24:13.556519,2022-08-01 15:18:54.298714,Entrega
70,A103761D,2105AP002-024,2022-08-03 07:00:00.540671,2022-08-03 10:48:15.782484,Entrega
71,A103628A,2003AR044-001,2022-08-02 07:00:00.101928,2022-08-05 08:00:00,Entrega
72,A102966A,2105AR101-005,2022-08-01 11:19:27.269495,2022-08-01 15:38:47.724813,Entrega
73,AA9001B,2108AR212-001,2022-08-01 07:00:00,2022-08-01 09:54:20.700452,Entrega
74,A104877A,2121AP013-003,2022-08-01 10:08:14.372246,2022-08-01 14:00:13.232137,Entrega
75,A115178B,2105AP002-015,2022-08-01 10:57:48.796107,2022-08-01 15:02:38.878480,Entrega
76,A101602B,2204AR020-013,2022-08-01 11:29:10.844236,2022-08-03 08:00:00,Entrega
77,AA9001C,1803AR007-008,2022-08-01 09:51:56.118975,2022-08-03 08:00:00,Entrega
78,AA9001C,2105AR100-003,2022-08-03 08:00:00,2022-08-03 12:03:48.230910,Entrega
79,A129527A,2108AR169-001,2022-08-01 15:18:54.298714,2022-08-01 17:56:31.644546,Entrega
80,A103628A,1913AP001-003,2022-08-05 08:00:00,2022-08-05 09:50:05.593892,Entrega
81,A103958A,2116AR049-012,2022-08-02 10:37:13.386953,2022-08-02 13:02:24.896779,Entrega
82,AA9001F,2105AR104-004,2022-08-01 12:07:14.424062,2022-08-01 16:02:27.444105,Entrega
83,A115178B,1721AR064-001,2022-08-01 15:02:38.878480,2022-08-01 18:28:14.153401,Entrega
84,A110372A,2106AR008-006,2022-08-02 07:00:00,2022-08-02 11:34:56.635532,Entrega
85,AA9001C,2107AR108-002,2022-08-04 07:00:00.230910,2022-08-04 10:41:11.043926,Entrega
86,A127958B,2121AP007-004,2022-08-02 07:00:00,2022-08-02 10:19:22.074879,Entrega
87,A115178B,2107AR100-004,2022-08-03 07:00:00.153401,2022-08-03 10:36:34.013398,Entrega
88,A127343A,1907AR340-004,2022-08-02 12:05:12.690828,2022-08-02 16:42:17.734318,Entrega
89,A103296A,2102AR034-002,2022-08-01 07:00:00,2022-08-01 13:30:04.238686,Entrega
90,A107070A,2205AR020-002,2022-08-02 12:11:59.881960,2022-08-05 08:00:00,Entrega
91,AA9001F,2208AR102-003,2022-08-02 07:00:00.444105,2022-08-02 11:29:17.082973,Entrega
92,A127343A,2012AR069-003,2022-08-02 16:42:17.734318,2022-08-04 08:00:00,Entrega
93,A110372A,2003AR010-001,2022-08-02 11:34:56.635532,2022-08-04 08:00:00,Entrega
94,A104877A,2108AR193-001,2022-08-01 14:00:13.232137,2022-08-01 17:22:50.347385,Entrega
95,A103761D,2200AR015-001,2022-08-04 07:00:00.782484,2022-08-04 16:39:21.281072,Entrega
96,A103451F,2006AP002-005,2022-08-05 07:00:00,2022-08-05 12:29:24.853838,Entrega
97,A114833A,2106AR008-006,2022-08-02 12:20:14.921852,2022-08-02 15:08:17.123764,Entrega
98,A103958A,2209AR040-008,2022-08-02 13:02:24.896779,2022-08-02 17:42:36.379158,Entrega
99,A127343A,1905AP004-007,2022-08-05 07:00:00,2022-08-05 12:44:15.565939,Entrega
100,AA9001F,1901AR032-004,2022-08-03 07:00:00.082973,2022-08-03 15:34:15.752630,Entrega
101,A102966A,2108AR126-002,2022-08-01 15:38:47.724813,2022-08-03 14:00:00,Entrega
102,AA9001D,1906AR154-001,2022-08-04 10:29:07.597366,2022-08-06 08:00:00,Entrega
103,A121837A,2121AP010-005,2022-08-04 07:00:00.119957,2022-08-04 11:09:35.434377,Entrega
104,A102966A,2114AR093-004,2022-08-04 07:00:00,2022-08-04 10:45:39.192928,Entrega
105,A120540A,2116AR062-001,2022-08-01 07:00:00,2022-08-01 10:28:50.964733,Entrega
106,A121837A,2104AR027-003,2022-08-04 11:09:35.434377,2022-08-04 14:18:08.067312,Entrega
107,A101602A,2111AR104-004,2022-08-04 07:00:00,2022-08-04 12:28:46.954578,Entrega
108,A109742A,1905AP004-009,2022-08-04 07:00:00,2022-08-04 12:32:42.622662,Entrega
109,AA9001F,2110AR027-002,2022-08-04 07:00:00.752630,2022-08-04 10:58:01.498810,Entrega
110,A127343A,1902AR067-006,2022-08-06 07:00:00.565939,2022-08-09 08:00:00,Entrega
111,AA9001H,2208AR164-001,2022-08-01 07:00:00,2022-08-01 10:43:26.880368,Entrega
112,A129527A,2105AR090-003,2022-08-01 17:56:31.644546,2022-08-03 14:00:00,Entrega
113,A107070A,1908AR213-001,2022-08-05 08:00:00,2022-08-05 12:21:24.298066,Entrega
114,A112522A,2105AP002-021,2022-08-02 07:00:00,2022-08-02 09:25:46.942072,Entrega
115,A104161C,2013AP004-005,2022-08-05 07:00:00,2022-08-05 10:05:42.780005,Entrega
116,A101602A,1901AR002-009,2022-08-04 12:28:46.954578,2022-08-04 17:05:20.057855,Entrega
117,A127958B,2211AR067-003,2022-08-02 10:19:22.074879,2022-08-02 13:29:07.288326,Entrega
118,A103451F,1905AR164-004,2022-08-05 12:29:24.853838,2022-08-05 18:10:22.929684,Entrega
119,A110372B,2102AR074-002,2022-08-02 10:01:30.371075,2022-08-02 15:10:36.771809,Entrega
120,A115178B,2204AR048-001,2022-08-03 10:36:34.013398,2022-08-03 13:31:45.131663,Entrega
121,AA9001B,2108AR251-001,2022-08-01 09:54:20.700452,2022-08-01 12:45:26.300748,Entrega
122,A127958B,2107AR164-047,2022-08-02 13:29:07.288326,2022-08-02 17:06:56.979185,Entrega
123,A101602B,1905AR164-003,2022-08-03 08:00:00,2022-08-03 11:47:49.679054,Entrega
124,A114833A,1921AR011-002,2022-08-02 15:08:17.123764,2022-08-02 18:43:28.301490,Entrega
125,A101602A,1815AR125-007,2022-08-04 17:05:20.057855,2022-08-04 19:46:14.244509,Entrega
126,A103628A,2118AP002-009,2022-08-05 09:50:05.593892,2022-08-05 13:15:21.385253,Entrega
127,A127343A,2014AP010-005,2022-08-09 08:00:00,2022-08-09 11:16:10.997488,Entrega
128,A104877A,2115AR117-007,2022-08-01 17:22:50.347385,2022-08-03 08:00:00,Entrega
129,A121837A,2107AR164-024,2022-08-04 14:18:08.067312,2022-08-04 16:25:39.527093,Entrega
130,A103296A,2211AR062-002,2022-08-01 13:30:04.238686,2022-08-01 17:06:41.647262,Entrega
131,A103296A,2108AR235-001,2022-08-02 07:00:00.647262,2022-08-02 11:04:50.410398,Entrega
132,A103451D,2200AR012-001,2022-08-01 07:00:00,2022-08-03 08:00:00,Entrega
133,A103628A,1902AR047-007,2022-08-06 07:00:00.385253,2022-08-06 13:35:28.864682,Entrega
134,A104877A,2118AP002-010,2022-08-04 07:00:00,2022-08-04 10:28:04.901410,Entrega
135,AA9001B,2204AR007-006,2022-08-01 12:45:26.300748,2022-08-01 14:55:36.457394,Entrega
136,A103451D,2212AR044-002,2022-08-03 08:00:00,2022-08-03 10:26:10.716780,Entrega
137,A120540A,2112AP002-004,2022-08-01 10:28:50.964733,2022-08-03 08:00:00,Entrega
138,A129527A,2108AP001-009,2022-08-05 07:00:00,2022-08-05 10:20:32.988833,Entrega
139,AA9001H,2207AP005-003,2022-08-01 10:43:26.880368,2022-08-03 08:00:00,Entrega
140,A129527A,2102AR074-006,2022-08-05 10:20:32.988833,2022-08-05 15:37:19.847189,Entrega
141,A129527A,2115AR120-001,2022-08-05 15:37:19.847189,2022-08-05 19:08:04.770908,Entrega
142,AA9001H,1808AR366-007,2022-08-04 07:00:00,2022-08-04 11:56:03.592661,Entrega
143,A103958A,2116AR058-001,2022-08-02 17:42:36.379158,2022-08-05 14:00:00,Entrega
144,A103628A,1912AP008-003,2022-08-06 13:35:28.864682,2022-08-06 16:59:18.011286,Entrega
145,A129527A,2211AR069-001,2022-08-06 07:00:00.770908,2022-08-06 10:09:48.983194,Entrega
146,A115178C,2108AR110-010,2022-08-07 08:00:00,2022-08-07 11:44:28.580859,Entrega
147,A102966A,2200AR035-003,2022-08-06 07:00:00.192928,2022-08-06 16:46:38.012127,Entrega
148,AA9001D,2003AR099-006,2022-08-07 07:00:00,2022-08-07 13:58:45.253683,Entrega
149,A103628A,2007AR138-004,2022-08-07 07:00:00.011286,2022-08-07 11:48:34.125006,Entrega
150,A101602A,2107AR100-015,2022-08-06 07:00:00.244509,2022-08-06 10:49:31.460163,Entrega
151,A104877A,2200AR024-002,2022-08-05 07:00:00.901410,2022-08-05 16:44:56.174425,Entrega
152,A107070A,2104AR042-005,2022-08-06 07:00:00.298066,2022-08-06 12:22:08.406649,Entrega
153,A114833A,2114AR021-002,2022-08-02 18:43:28.301490,2022-08-05 08:00:00,Entrega
154,A103761D,1908AR208-006,2022-08-05 07:00:00.281072,2022-08-05 11:02:14.665775,Entrega
155,A103451F,2104AR042-014,2022-08-06 07:00:00.929684,2022-08-06 12:21:03.199901,Entrega
156,A129527A,2212AR063-001,2022-08-06 10:09:48.983194,2022-08-06 12:27:16.452263,Entrega
157,A103451D,2110AR027-003,2022-08-05 07:00:00.716780,2022-08-05 10:18:42.643989,Entrega
158,A114833A,2108AR145-001,2022-08-06 07:00:00,2022-08-06 10:27:15.145277,Entrega
159,AA9001H,2107AR164-020,2022-08-04 11:56:03.592661,2022-08-04 14:34:24.767056,Entrega
160,A103628A,2003AR010-002,2022-08-07 11:48:34.125006,2022-08-07 18:47:10.858247,Entrega
161,A103451A,2104AR038-001,2022-08-06 11:29:17.503552,2022-08-06 17:07:21.483206,Entrega
162,A118173B,2115AR117-018,2022-08-07 11:01:25.246066,2022-08-07 13:47:16.002539,Entrega
163,A115178C,2208AR120-002,2022-08-07 11:44:28.580859,2022-08-07 15:23:01.437262,Entrega
164,A127958B,2115AR054-001,2022-08-02 17:06:56.979185,2022-08-04 20:00:00,Entrega
165,A101602A,1901AR002-015,2022-08-06 10:49:31.460163,2022-08-06 17:26:08.499985,Entrega
166,A103628A,2108AR211-001,2022-08-08 07:00:00.858247,2022-08-08 10:29:18.910714,Entrega
167,A102966A,1906AR062-002,2022-08-07 07:00:00.012127,2022-08-07 11:29:37.923912,Entrega
168,A112522A,2001AP001-007,2022-08-02 09:25:46.942072,2022-08-02 16:59:14.820122,Entrega
169,A110372A,2005AR131-002,2022-08-05 07:00:00,2022-08-05 13:00:22.954705,Entrega
170,A125695B,2208AR163-006,2022-08-02 07:00:00.972145,2022-08-02 11:35:51.653866,Entrega
171,A124517A,2115AR117-008,2022-08-01 14:22:27.368108,2022-08-01 17:24:07.310063,Entrega
172,A104161C,2211AR073-001,2022-08-05 10:05:42.780005,2022-08-05 12:23:50.087381,Entrega
173,A101602A,2105AP002-014,2022-08-07 07:00:00.499985,2022-08-07 10:14:54.551530,Entrega
174,A125695B,2204AP004-001,2022-08-02 11:35:51.653866,2022-08-02 17:45:15.783488,Entrega
175,A127958B,2107AR164-017,2022-08-05 07:00:00,2022-08-05 11:17:08.385241,Entrega
176,A104877A,1902AR067-008,2022-08-06 07:00:00.174425,2022-08-06 13:21:10.032832,Entrega
177,AA9001C,2112AR157-001,2022-08-04 10:41:11.043926,2022-08-06 08:00:00,Entrega
178,AA9001H,1907AR256-006,2022-08-04 14:34:24.767056,2022-08-04 18:05:37.849124,Entrega
179,A110372A,1918AR015-003,2022-08-05 13:00:22.954705,2022-08-05 15:30:40.043011,Entrega
180,A101602B,1912AP008-002,2022-08-03 11:47:49.679054,2022-08-05 08:00:00,Entrega
181,A104877C,1907AR441-008,2022-08-03 12:48:12.910010,2022-08-03 17:13:20.185289,Entrega
182,A103451D,2002AP005-005,2022-08-05 10:18:42.643989,2022-08-05 15:23:33.219715,Entrega
183,A121837A,1907AR256-001,2022-08-04 16:25:39.527093,2022-08-06 14:00:00,Entrega
184,A107070A,2204AR021-002,2022-08-06 12:22:08.406649,2022-08-08 08:00:00,Entrega
185,A101602A,1607AR221-001,2022-08-07 10:14:54.551530,2022-08-07 14:22:49.927616,Entrega
186,A115178C,2108AR126-001,2022-08-08 07:00:00.437262,2022-08-08 10:41:31.032784,Entrega
187,A127958B,2208AP008-005,2022-08-05 11:17:08.385241,2022-08-05 15:12:51.715318,Entrega
188,A124517A,2204AR020-009,2022-08-01 17:24:07.310063,2022-08-03 20:00:00,Entrega
189,A103296A,2115AR019-002,2022-08-02 11:04:50.410398,2022-08-04 08:00:00,Entrega
190,A104161C,2108AR198-001,2022-08-05 12:23:50.087381,2022-08-05 15:47:06.007355,Entrega
191,A102966A,2108AP001-008,2022-08-07 11:29:37.923912,2022-08-10 08:00:00,Entrega
192,A127343A,2107AR198-001,2022-08-10 07:00:00.997488,2022-08-10 09:50:02.674382,Entrega
193,A104877A,2107AR164-069,2022-08-06 13:21:10.032832,2022-08-06 17:28:19.129935,Entrega
194,A103451F,1806AR024-009,2022-08-06 12:21:03.199901,2022-08-06 16:09:10.194067,Entrega
195,AA9001B,2104AR040-001,2022-08-01 14:55:36.457394,2022-08-03 14:00:00,Entrega
196,A103628A,2115AR054-004,2022-08-08 10:29:18.910714,2022-08-08 14:42:05.067467,Entrega
197,AA9001F,2208AR102-005,2022-08-04 10:58:01.498810,2022-08-06 08:00:00,Entrega
198,AA9001D,2109AR025-001,2022-08-07 13:58:45.253683,2022-08-10 08:00:00,Entrega
199,AA9001H,1908AR222-001,2022-08-05 07:00:00.849124,2022-08-05 12:14:35.706792,Entrega
200,A103761D,2112AP002-002,2022-08-05 11:02:14.665775,2022-08-05 14:13:20.564581,Entrega
201,A115178C,2108AR199-002,2022-08-08 10:41:31.032784,2022-08-08 13:09:21.345075,Entrega
202,AA9001F,2115AR117-013,2022-08-06 08:00:00,2022-08-06 10:49:18.600342,Entrega
203,A110372B,2102AR027-007,2022-08-03 07:00:00.771809,2022-08-03 12:55:51.651764,Entrega
204,A120540A,2112AP002-015,2022-08-03 08:00:00,2022-08-03 11:55:09.612283,Entrega
205,A106626A,2212AR049-001,2022-08-02 13:55:15.035036,2022-08-04 08:00:00,Entrega
206,A103296A,1917AR144-010,2022-08-04 08:00:00,2022-08-04 10:25:14.572506,Entrega
207,A106626A,2115AR117-019,2022-08-04 08:00:00,2022-08-04 10:47:09.728614,Entrega
208,A103451A,2117AR013-006,2022-08-07 07:00:00.483206,2022-08-07 11:30:46.147014,Entrega
209,A106626A,1706AR207-001,2022-08-06 07:00:00.728614,2022-08-06 12:16:47.869179,Entrega
210,A120540A,2108AR043-001,2022-08-03 11:55:09.612283,2022-08-03 14:33:26.140712,Entrega
211,A129527A,2009AR054-001,2022-08-06 12:27:16.452263,2022-08-06 15:32:40.987943,Entrega
212,A106626A,2010AR086-004,2022-08-06 12:16:47.869179,2022-08-06 15:59:22.124175,Entrega
213,AA9001H,2116AP006-002,2022-08-05 12:14:35.706792,2022-08-05 16:29:24.108302,Entrega
214,AA9001D,1907AR256-027,2022-08-11 07:00:00,2022-08-11 10:49:39.772700,Entrega
215,A103628A,2107AR164-033,2022-08-08 14:42:05.067467,2022-08-08 18:50:17.060922,Entrega
216,A109742A,2201AP003-003,2022-08-05 07:00:00.622662,2022-08-07 08:00:00,Entrega
217,A129527A,2102AR074-009,2022-08-07 07:00:00.987943,2022-08-07 13:29:38.691163,Entrega
218,A103296A,2105AR125-001,2022-08-06 07:00:00.572506,2022-08-06 12:06:15.427809,Entrega
219,AA9001D,2008AR067-001,2022-08-11 10:49:39.772700,2022-08-11 16:15:46.922861,Entrega
220,A125695B,2200AZ005-001,2022-08-04 07:00:00.783488,2022-08-04 16:53:46.498950,Entrega
221,A103451F,2111AR085-001,2022-08-07 07:00:00.194067,2022-08-07 11:39:46.792449,Entrega
222,AA9001B,2208AP008-010,2022-08-04 07:00:00,2022-08-04 12:20:14.622890,Entrega
223,A104877C,1908AR183-001,2022-08-04 07:00:00.185289,2022-08-04 11:09:49.866819,Entrega
224,AA9001F,2208AR211-003,2022-08-07 07:00:00.600342,2022-08-07 11:37:43.355554,Entrega
225,AA9001C,2210AR032-007,2022-08-06 08:00:00,2022-08-06 11:26:47.387034,Entrega
226,A103451D,2108AR110-007,2022-08-05 15:23:33.219715,2022-08-05 18:15:29.179277,Entrega
227,A107070A,2212AP008-011,2022-08-09 07:00:00,2022-08-09 10:09:13.681188,Entrega
228,AA9001C,2002AR077-002,2022-08-07 07:00:00.387034,2022-08-07 14:29:43.658282,Entrega
229,AA9001C,2113AR036-009,2022-08-07 14:29:43.658282,2022-08-07 17:35:52.956826,Entrega
230,A110372B,2107AR164-031,2022-08-03 12:55:51.651764,2022-08-06 08:00:00,Entrega
231,A103958A,2200AR024-006,2022-08-06 07:00:00,2022-08-06 18:09:01.862786,Entrega
232,A103958A,2114AP012-001,2022-08-07 07:00:00.862786,2022-08-07 11:13:42.025630,Entrega
233,A109742A,2002AP004-004,2022-08-08 07:00:00,2022-08-08 12:40:13.439850,Entrega
234,A112522A,2116AR014-001,2022-08-02 16:59:14.820122,2022-08-02 19:46:48.011475,Entrega
235,A112522A,2208AR189-001,2022-08-03 07:00:00.011475,2022-08-05 08:00:00,Entrega
236,A104161C,2002AP005-006,2022-08-05 15:47:06.007355,2022-08-07 20:00:00,Entrega
237,A101602B,2212AP008-009,2022-08-06 07:00:00,2022-08-06 10:02:01.032443,Entrega
238,A110372A,2003AR127-003,2022-08-06 07:00:00.043011,2022-08-06 13:43:07.773631,Entrega
239,A103451F,2108AR110-004,2022-08-07 11:39:46.792449,2022-08-07 14:55:43.998015,Entrega
240,A109742A,2107AR164-064,2022-08-08 12:40:13.439850,2022-08-08 15:54:35.157233,Entrega
241,A115178B,2117AR039-001,2022-08-03 13:31:45.131663,2022-08-05 20:00:00,Entrega
242,A106626A,2121AP013-004,2022-08-06 15:59:22.124175,2022-08-09 08:00:00,Entrega
243,AA9001D,2212AR049-002,2022-08-11 16:15:46.922861,2022-08-11 19:02:35.037495,Entrega
244,A115178B,2212AP009-006,2022-08-06 07:00:00,2022-08-06 10:22:27.933495,Entrega
245,A127343A,1906AR164-001,2022-08-10 09:50:02.674382,2022-08-10 13:54:35.733204,Entrega
246,A110372B,1808AR366-001,2022-08-06 08:00:00,2022-08-06 10:31:02.436841,Entrega
247,A103958A,2208AR163-003,2022-08-07 11:13:42.025630,2022-08-10 08:00:00,Entrega
248,A103451A,2021AR009-003,2022-08-07 11:30:46.147014,2022-08-07 15:33:15.454230,Entrega
249,A101602B,1810AR095-004,2022-08-06 10:02:01.032443,2022-08-08 08:00:00,Entrega
250,A118173B,2118AP002-004,2022-08-07 13:47:16.002539,2022-08-07 17:15:44.683195,Entrega
251,A127343A,2208AR163-007,2022-08-10 13:54:35.733204,2022-08-12 08:00:00,Entrega
252,AA9001F,2203AP001-001,2022-08-07 11:37:43.355554,2022-08-07 16:35:21.559140,Entrega
253,A103761D,2208AR196-002,2022-08-05 14:13:20.564581,2022-08-05 17:35:44.460705,Entrega
254,A110372B,2008AZ054-001,2022-08-06 10:31:02.436841,2022-08-06 13:50:14.384064,Entrega
255,A125695B,2110AR005-003,2022-08-05 07:00:00.498950,2022-08-05 10:12:26.756938,Entrega
256,A121837A,2203AP002-012,2022-08-08 07:00:00,2022-08-08 12:01:08.775939,Entrega
257,A120540A,1908AR107-001,2022-08-04 07:00:00.140712,2022-08-04 10:12:55.598193,Entrega
258,A115178B,2208AR128-002,2022-08-06 10:22:27.933495,2022-08-09 08:00:00,Entrega
259,A114833A,2205AR010-004,2022-08-06 10:27:15.145277,2022-08-06 12:56:13.836624,Entrega
260,A103958A,2017AR038-001,2022-08-10 08:00:00,2022-08-10 10:36:21.311735,Entrega
261,A115178C,2108AR188-001,2022-08-08 13:09:21.345075,2022-08-10 08:00:00,Entrega
262,A104877A,2108AR182-002,2022-08-06 17:28:19.129935,2022-08-06 19:53:29.569560,Entrega
263,A103296A,2102AR050-002,2022-08-06 12:06:15.427809,2022-08-08 08:00:00,Entrega
264,A104877A,2105AP003-008,2022-08-07 07:00:00.569560,2022-08-07 09:37:14.244345,Entrega
265,A103451F,2107AR108-009,2022-08-07 14:55:43.998015,2022-08-07 17:26:57.712102,Entrega
266,A127343A,2001AP001-003,2022-08-13 07:00:00,2022-08-16 08:00:00,Entrega
267,A121837A,2104AR049-007,2022-08-08 12:01:08.775939,2022-08-08 15:53:51.743315,Entrega
268,AA9001F,2103AR088-002,2022-08-09 07:00:00.559140,2022-08-09 11:03:25.411282,Entrega
269,A110372A,2112AP002-001,2022-08-06 13:43:07.773631,2022-08-06 17:34:06.985798,Entrega
270,A104161C,2104AR050-003,2022-08-09 07:00:00,2022-08-09 10:55:55.137976,Entrega
271,A104877C,2203AP002-003,2022-08-04 11:09:49.866819,2022-08-04 15:50:33.399055,Entrega
272,AA9001C,1806AR024-008,2022-08-08 07:00:00.956826,2022-08-08 10:12:56.454463,Entrega
273,A112522A,2104AR042-012,2022-08-05 08:00:00,2022-08-05 13:20:14.113829,Entrega
274,A107070A,2204AR010-002,2022-08-09 10:09:13.681188,2022-08-09 13:20:37.086400,Entrega
275,A127343A,2108AR132-003,2022-08-17 07:00:00,2022-08-17 11:00:04.585214,Entrega
276,A115178B,2209AR030-002,2022-08-09 08:00:00,2022-08-12 08:00:00,Entrega
277,A110372B,1907AR341-004,2022-08-07 07:00:00.384064,2022-08-07 10:39:56.124862,Entrega
278,A103451F,2210AR049-003,2022-08-07 17:26:57.712102,2022-08-10 08:00:00,Entrega
279,A103451A,2204AR004-002,2022-08-07 15:33:15.454230,2022-08-09 14:00:00,Entrega
280,A110372A,2204AP005-001,2022-08-07 07:00:00.985798,2022-08-07 12:28:24.101369,Entrega
281,A104877A,2117AP040-002,2022-08-07 09:37:14.244345,2022-08-07 13:57:40.426165,Entrega
282,A109742A,1902AR067-009,2022-08-10 07:00:00.157233,2022-08-10 12:56:35.785477,Entrega
283,A114833A,2112AP002-008,2022-08-06 12:56:13.836624,2022-08-06 17:16:30.043678,Entrega
284,A129527A,2212AR044-003,2022-08-07 13:29:38.691163,2022-08-07 15:52:05.521688,Entrega
285,A114833A,2102AR072-001,2022-08-08 07:00:00.043678,2022-08-08 13:48:59.886638,Entrega
286,A103761D,1808AR303-001,2022-08-06 07:00:00.460705,2022-08-06 11:29:52.975093,Entrega
287,A103958A,2202AP001-001,2022-08-12 07:00:00.311735,2022-08-12 13:57:09.994908,Entrega
288,A121837A,2203AP002-005,2022-08-09 07:00:00.743315,2022-08-09 11:46:13.025431,Entrega
289,A107070A,2204AR020-004,2022-08-09 13:20:37.086400,2022-08-12 08:00:00,Entrega
290,A104877A,1912AR072-001,2022-08-07 13:57:40.426165,2022-08-07 17:23:34.059150,Entrega
291,A101602A,2107AR187-002,2022-08-07 14:22:49.927616,2022-08-07 18:32:21.043998,Entrega
292,A101602A,2107AR100-012,2022-08-07 18:32:21.043998,2022-08-10 20:00:00,Entrega
293,AA9001D,1905AP004-003,2022-08-13 07:00:00.037495,2022-08-13 12:15:40.236552,Entrega
294,A103628A,1802AR008-002,2022-08-10 07:00:00.060922,2022-08-10 11:27:02.324616,Entrega
295,A110372B,2102AR074-004,2022-08-07 10:39:56.124862,2022-08-07 16:59:04.761850,Entrega
296,A120540A,1901AR002-010,2022-08-04 10:12:55.598193,2022-08-06 08:00:00,Entrega
297,A103958A,1901AR002-013,2022-08-13 07:00:00.994908,2022-08-15 08:00:00,Entrega
298,A127343A,2003AR127-001,2022-08-17 11:00:04.585214,2022-08-17 16:39:00.306393,Entrega
299,A129527A,2108AR111-002,2022-08-07 15:52:05.521688,2022-08-07 18:43:51.462441,Entrega
300,A104161C,2107AR164-034,2022-08-09 10:55:55.137976,2022-08-09 13:12:50.340890,Entrega
301,A104877A,1906AR062-004,2022-08-08 07:00:00.059150,2022-08-08 12:10:21.766188,Entrega
302,A103296A,2202AP001-012,2022-08-09 07:00:00,2022-08-09 13:00:30.343171,Entrega
303,AA9001C,2117AR021-001,2022-08-08 10:12:56.454463,2022-08-10 08:00:00,Entrega
304,A114833A,2108AR254-001,2022-08-08 13:48:59.886638,2022-08-10 08:00:00,Entrega
305,A104161C,2212AR061-008,2022-08-09 13:12:50.340890,2022-08-09 16:29:11.439204,Entrega
306,A104877A,2108AR253-002,2022-08-08 12:10:21.766188,2022-08-08 16:03:08.642916,Entrega
307,A103296A,2106AR065-004,2022-08-09 13:00:30.343171,2022-08-11 08:00:00,Entrega
308,AA9001D,2102AR050-001,2022-08-14 07:00:00.236552,2022-08-14 13:50:36.327119,Entrega
309,AA9001F,2114AR021-003,2022-08-09 11:03:25.411282,2022-08-09 14:57:58.275009,Entrega
310,A102966A,2208AR196-001,2022-08-10 08:00:00,2022-08-10 11:35:56.311173,Entrega
311,A129527A,1908AR260-009,2022-08-08 07:00:00.462441,2022-08-08 10:16:18.588412,Entrega
312,A129527A,1905AR021-005,2022-08-08 10:16:18.588412,2022-08-10 08:00:00,Entrega
313,A115178B,2104AR035-012,2022-08-13 07:00:00,2022-08-13 12:54:28.293135,Entrega
314,A101602B,2110AR052-003,2022-08-08 08:00:00,2022-08-08 11:14:37.501834,Entrega
315,A103628A,2105AR113-001,2022-08-10 11:27:02.324616,2022-08-10 14:19:25.661812,Entrega
316,A106626A,2117AP011-005,2022-08-10 07:00:00,2022-08-10 11:38:55.574725,Entrega
317,A127958B,2116AP009-002,2022-08-05 15:12:51.715318,2022-08-05 18:57:59.767406,Entrega
318,A107070A,2210AR049-002,2022-08-12 08:00:00,2022-08-12 11:41:36.351369,Entrega
319,A103761D,1907AR256-029,2022-08-06 11:29:52.975093,2022-08-06 15:40:40.054932,Entrega
320,A101602B,2103AR072-002,2022-08-10 07:00:00.501834,2022-08-12 08:00:00,Entrega
321,AA9001B,2104AR050-012,2022-08-04 12:20:14.622890,2022-08-06 08:00:00,Entrega
322,A101602A,2108AR107-001,2022-08-11 07:00:00,2022-08-11 09:35:09.691219,Entrega
323,A103451D,2113AP007-003,2022-08-06 07:00:00.179277,2022-08-06 11:03:03.641665,Entrega
324,A118173B,2105AR104-007,2022-08-07 17:15:44.683195,2022-08-07 21:05:42.337354,Entrega
325,A110372A,2115AR117-015,2022-08-07 12:28:24.101369,2022-08-07 15:20:12.166844,Entrega
326,A103451D,2208AR147-001,2022-08-06 11:03:03.641665,2022-08-06 14:43:29.525111,Entrega
327,A120540A,1907AR227-002,2022-08-07 07:00:00,2022-08-07 11:52:58.056820,Entrega
328,A112522A,2112AR082-006,2022-08-06 07:00:00.113829,2022-08-06 10:11:48.570497,Entrega
329,A103761D,2108AR110-002,2022-08-06 15:40:40.054932,2022-08-06 18:57:33.853354,Entrega
330,A120540A,1900AP001-001,2022-08-08 07:00:00.056820,2022-08-08 16:20:15.852293,Entrega
331,A129527A,2117AR013-011,2022-08-10 08:00:00,2022-08-10 12:17:44.956458,Entrega
332,A114833A,2208AR180-007,2022-08-12 07:00:00,2022-08-12 11:08:57.696618,Entrega
333,A106626A,2014AP001-010,2022-08-10 11:38:55.574725,2022-08-10 15:28:09.967177,Entrega
334,A118173B,2111AR097-001,2022-08-08 07:00:00.337354,2022-08-08 11:18:18.918771,Entrega
335,A110372A,2102AR072-002,2022-08-09 07:00:00.166844,2022-08-09 15:21:51.752075,Entrega
336,A103761D,2108AR132-005,2022-08-06 18:57:33.853354,2022-08-06 21:38:08.719246,Entrega
337,A110372B,2108AR197-001,2022-08-07 16:59:04.761850,2022-08-10 08:00:00,Entrega
338,A109742A,2008AR042-003,2022-08-10 12:56:35.785477,2022-08-13 08:00:00,Entrega
339,A103451A,1907AR341-003,2022-08-10 07:00:00,2022-08-10 10:23:42.504938,Entrega
340,A104877C,2107AR100-005,2022-08-04 15:50:33.399055,2022-08-04 18:30:00.202273,Entrega
341,AA9001D,2108AR046-002,2022-08-14 13:50:36.327119,2022-08-14 16:20:47.807250,Entrega
342,AA9001H,2204AR007-007,2022-08-05 16:29:24.108302,2022-08-07 14:00:00,Entrega
343,A114833A,2204AP002-001,2022-08-12 11:08:57.696618,2022-08-12 15:48:37.241345,Entrega
344,A103296A,2210AZ033-004,2022-08-13 07:00:00,2022-08-13 10:08:36.799168,Entrega
345,A118173B,2110AR008-005,2022-08-08 11:18:18.918771,2022-08-08 15:36:02.234276,Entrega
346,A110372A,1902AR067-004,2022-08-10 07:00:00.752075,2022-08-10 14:44:55.883067,Entrega
347,A104877C,2204AP003-012,2022-08-06 07:00:00.202273,2022-08-06 10:56:06.469446,Entrega
348,A127958B,1906AR145-009,2022-08-06 07:00:00.767406,2022-08-06 10:38:43.512438,Entrega
349,A104877C,2105AP003-001,2022-08-06 10:56:06.469446,2022-08-06 13:35:46.182486,Entrega
350,A103958A,2105AP002-008,2022-08-15 08:00:00,2022-08-15 11:14:58.039786,Entrega
351,A109742A,2021AR112-002,2022-08-13 08:00:00,2022-08-13 11:20:13.709985,Entrega
352,A107070A,2001AR005-003,2022-08-13 07:00:00.351369,2022-08-13 14:47:49.314215,Entrega
353,A107070A,2102AR074-010,2022-08-15 07:00:00.314215,2022-08-15 12:46:20.477909,Entrega
354,A103628A,2211AZ086-001,2022-08-10 14:19:25.661812,2022-08-13 08:00:00,Entrega
355,A120540A,1803AR007-002,2022-08-10 07:00:00.852293,2022-08-13 08:00:00,Entrega
356,AA9001C,2107AR100-006,2022-08-10 08:00:00,2022-08-10 10:30:40.297625,Entrega
357,AA9001D,2104AR035-014,2022-08-15 07:00:00.807250,2022-08-15 11:29:44.964943,Entrega
358,A103451D,2108AR252-012,2022-08-06 14:43:29.525111,2022-08-06 18:52:32.159825,Entrega
359,A110372B,2204AR020-008,2022-08-10 08:00:00,2022-08-10 09:55:30.577373,Entrega
360,A127958B,2209AR040-015,2022-08-06 10:38:43.512438,2022-08-06 14:47:49.813422,Entrega
361,AA9001C,2008AR074-001,2022-08-10 10:30:40.297625,2022-08-10 14:00:18.637174,Entrega
362,A118173B,2104AR048-004,2022-08-08 15:36:02.234276,2022-08-10 08:00:00,Entrega
363,A125695B,2212AR063-009,2022-08-05 10:12:26.756938,2022-08-05 13:23:57.719451,Entrega
364,A104877A,2108AR252-003,2022-08-08 16:03:08.642916,2022-08-10 08:00:00,Entrega
365,A107070A,2001AP001-006,2022-08-16 07:00:00.477909,2022-08-16 14:55:54.447365,Entrega
366,A110372B,2008AR074-002,2022-08-11 07:00:00.577373,2022-08-11 10:29:42.878067,Entrega
367,A124517A,2110AR008-007,2022-08-03 20:00:00,2022-08-03 23:24:10.995654,Entrega
368,A103628A,2112AR157-002,2022-08-13 08:00:00,2022-08-13 11:27:44.218696,Entrega
369,A112522A,2108AR110-008,2022-08-06 10:11:48.570497,2022-08-06 12:54:59.068638,Entrega
370,A103451F,2200AR035-005,2022-08-11 07:00:00,2022-08-11 16:31:32.364459,Entrega
371,A127343A,2203AR016-009,2022-08-19 07:00:00.306393,2022-08-19 13:37:18.146264,Entrega
372,A129527A,1907AR256-012,2022-08-11 07:00:00.956458,2022-08-11 10:21:31.571245,Entrega
373,A103628A,1905AR211-003,2022-08-15 07:00:00.218696,2022-08-15 11:00:50.807106,Entrega
374,A115178C,2203AR016-006,2022-08-10 08:00:00,2022-08-10 11:50:25.084521,Entrega
375,A115178C,2111AR088-001,2022-08-12 07:00:00.084521,2022-08-12 11:28:23.394196,Entrega
376,A103958A,2107AR189-001,2022-08-15 11:14:58.039786,2022-08-15 14:05:46.908494,Entrega
377,A104877C,2111AR086-001,2022-08-06 13:35:46.182486,2022-08-06 17:58:55.334989,Entrega
378,A101602B,2105AP003-009,2022-08-12 08:00:00,2022-08-12 12:19:34.416731,Entrega
379,A103628A,2208AR163-009,2022-08-15 11:00:50.807106,2022-08-17 08:00:00,Entrega
380,A112522A,1905AP004-008,2022-08-06 12:54:59.068638,2022-08-06 17:12:26.586572,Entrega
381,A125695B,2115AR054-003,2022-08-05 13:23:57.719451,2022-08-05 16:13:55.763749,Entrega
382,A103761D,2104AR035-017,2022-08-08 07:00:00.719246,2022-08-08 11:41:21.118500,Entrega
383,A118173B,2208AR187-003,2022-08-12 07:00:00,2022-08-12 11:28:36.623309,Entrega
384,A103761D,1907AR256-007,2022-08-08 11:41:21.118500,2022-08-08 16:53:39.882041,Entrega
385,A121837A,2107AR100-009,2022-08-09 11:46:13.025431,2022-08-12 08:00:00,Entrega
386,AA9001B,2210AR040-002,2022-08-06 08:00:00,2022-08-06 11:16:58.382097,Entrega
387,A106626A,1908AR232-006,2022-08-10 15:28:09.967177,2022-08-10 19:01:43.725051,Entrega
388,A104161C,2005AR130-003,2022-08-10 07:00:00.439204,2022-08-10 12:30:50.424898,Entrega
389,A107070A,2210AR048-001,2022-08-16 14:55:54.447365,2022-08-19 08:00:00,Entrega
390,A127343A,2105AP003-002,2022-08-19 13:37:18.146264,2022-08-19 17:44:36.288308,Entrega
391,A115178C,2104AR038-003,2022-08-12 11:28:23.394196,2022-08-15 08:00:00,Entrega
392,A114833A,2108AR124-002,2022-08-12 15:48:37.241345,2022-08-14 14:00:00,Entrega
393,AA9001C,2208AR163-001,2022-08-11 07:00:00.637174,2022-08-11 11:24:11.868897,Entrega
394,A104161C,2103AR019-002,2022-08-11 07:00:00.424898,2022-08-11 14:26:25.475744,Entrega
395,A102966A,1808AR154-001,2022-08-11 07:00:00.311173,2022-08-11 11:30:57.659396,Entrega
396,A114833A,2110AR052-001,2022-08-14 14:00:00,2022-08-16 08:00:00,Entrega
397,A112522A,2212AP009-011,2022-08-06 17:12:26.586572,2022-08-06 20:33:14.878057,Entrega
398,A102966A,2105AP002-022,2022-08-11 11:30:57.659396,2022-08-11 14:03:38.732046,Entrega
399,A103958A,2002AP003-001,2022-08-17 07:00:00.908494,2022-08-17 12:57:35.061775,Entrega
400,A109742A,2105AR104-008,2022-08-14 07:00:00.709985,2022-08-14 11:10:20.266599,Entrega
401,A103296A,2108AR177-001,2022-08-13 10:08:36.799168,2022-08-15 08:00:00,Entrega
402,A121837A,1917AR144-009,2022-08-12 08:00:00,2022-08-12 11:38:10.533691,Entrega
403,A118173B,2113AR069-001,2022-08-12 11:28:36.623309,2022-08-12 14:38:58.009783,Entrega
404,AA9001B,2208AR164-006,2022-08-08 07:00:00.382097,2022-08-08 11:56:41.903468,Entrega
405,AA9001F,2205AZ076-001,2022-08-10 07:00:00.275009,2022-08-10 13:02:20.120023,Entrega
406,A110372B,2107AR166-001,2022-08-11 10:29:42.878067,2022-08-11 13:40:33.063439,Entrega
407,A124517A,2108AR051-001,2022-08-05 07:00:00.995654,2022-08-05 09:20:16.878907,Entrega
408,A101602A,2210AR032-005,2022-08-11 09:35:09.691219,2022-08-11 12:52:53.965962,Entrega
409,A125695B,2108AR161-003,2022-08-05 16:13:55.763749,2022-08-05 20:28:54.022037,Entrega
410,A129527A,2021AR116-004,2022-08-11 10:21:31.571245,2022-08-11 15:29:11.132397,Entrega
411,A103958A,2212AP009-016,2022-08-17 12:57:35.061775,2022-08-19 08:00:00,Entrega
412,A115178C,2108AZ064-001,2022-08-15 08:00:00,2022-08-15 11:59:27.303345,Entrega
413,A103296A,2121AP007-003,2022-08-15 08:00:00,2022-08-15 10:14:36.721371,Entrega
414,AA9001D,1921AR077-003,2022-08-15 11:29:44.964943,2022-08-17 08:00:00,Entrega
415,A103958A,2104AR028-001,2022-08-20 07:00:00,2022-08-20 12:40:51.345360,Entrega
416,A127343A,2212AR061-002,2022-08-19 17:44:36.288308,2022-08-21 08:00:00,Entrega
417,A104161C,2107AR164-055,2022-08-11 14:26:25.475744,2022-08-11 18:14:00.579395,Entrega
418,A103761D,2212AR063-002,2022-08-08 16:53:39.882041,2022-08-10 14:00:00,Entrega
419,A115178B,1901AR002-019,2022-08-14 07:00:00.293135,2022-08-16 08:00:00,Entrega
420,A103451F,2017AR080-001,2022-08-13 07:00:00.364459,2022-08-13 12:10:49.778671,Entrega
421,A103451F,2102AR049-001,2022-08-13 12:10:49.778671,2022-08-15 14:00:00,Entrega
422,A102966A,2104AR048-004,2022-08-11 14:03:38.732046,2022-08-13 08:00:00,Entrega
423,AA9001F,2110AR005-001,2022-08-10 13:02:20.120023,2022-08-10 17:21:44.784545,Entrega
424,A101602A,2211AR067-004,2022-08-11 12:52:53.965962,2022-08-11 15:40:42.441620,Entrega
425,A101602B,2111AR148-003,2022-08-13 07:00:00.416731,2022-08-13 13:07:34.454347,Entrega
426,A129527A,2108AR191-005,2022-08-11 15:29:11.132397,2022-08-13 08:00:00,Entrega
427,AA9001D,2115AR138-002,2022-08-17 08:00:00,2022-08-17 10:17:44.850284,Entrega
428,A103451D,2103AR038-001,2022-08-08 07:00:00.159825,2022-08-08 10:56:54.372020,Entrega
429,A112522A,2113AP011-001,2022-08-06 20:33:14.878057,2022-08-06 23:16:12.676587,Entrega
430,A104161C,1803AR007-003,2022-08-13 07:00:00.579395,2022-08-13 11:24:44.559574,Entrega
431,AA9001C,2105AR089-003,2022-08-11 11:24:11.868897,2022-08-11 16:25:28.604544,Entrega
432,A110372A,2112AR081-001,2022-08-11 07:00:00.883067,2022-08-11 14:49:47.477921,Entrega
433,AA9001D,2113AR036-006,2022-08-17 10:17:44.850284,2022-08-17 13:19:44.856512,Entrega
434,A104161C,2108AP001-004,2022-08-13 11:24:44.559574,2022-08-13 14:02:10.247350,Entrega
435,A112522A,2107AR164-025,2022-08-07 07:00:00.676587,2022-08-07 09:02:02.031902,Entrega
436,A101602A,2211AR075-001,2022-08-11 15:40:42.441620,2022-08-11 18:01:15.400632,Entrega
437,A121837A,1912AP008-007,2022-08-12 11:38:10.533691,2022-08-12 14:38:22.697180,Entrega
438,A104877C,2204AR010-001,2022-08-06 17:58:55.334989,2022-08-08 08:00:00,Entrega
439,A103451D,1803AR020-001,2022-08-08 10:56:54.372020,2022-08-08 16:42:57.570521,Entrega
440,A127958B,2108AR134-001,2022-08-06 14:47:49.813422,2022-08-09 08:00:00,Entrega
441,A110372B,2212AP007-004,2022-08-11 13:40:33.063439,2022-08-11 17:27:17.520217,Entrega
442,A103761D,2106AR065-010,2022-08-11 07:00:00,2022-08-11 11:12:14.835996,Entrega
443,A127343A,2115AR138-001,2022-08-23 07:00:00,2022-08-23 09:35:24.451814,Entrega
444,A104877A,2201AR006-001,2022-08-11 07:00:00,2022-08-11 12:56:04.434381,Entrega
445,A115178C,2203AR016-005,2022-08-16 07:00:00.303345,2022-08-16 11:50:58.094602,Entrega
446,AA9001D,1908AR107-004,2022-08-19 07:00:00.856512,2022-08-19 10:38:24.884421,Entrega
447,A129527A,2208AR176-001,2022-08-15 07:00:00,2022-08-15 09:57:09.831803,Entrega
448,A127343A,2107AR130-001,2022-08-23 09:35:24.451814,2022-08-23 14:07:21.796862,Entrega
449,A103628A,2212AP009-010,2022-08-17 08:00:00,2022-08-17 11:13:52.036911,Entrega
450,A104877A,2116AR059-007,2022-08-11 12:56:04.434381,2022-08-11 15:21:23.282686,Entrega
451,A104877C,2003AP002-003,2022-08-09 07:00:00,2022-08-11 08:00:00,Entrega
452,AA9001C,2201AP003-002,2022-08-13 07:00:00.604544,2022-08-13 13:33:36.926405,Entrega
453,A101602B,2200AR030-001,2022-08-13 13:07:34.454347,2022-08-15 14:00:00,Entrega
454,A103451D,2103AR033-001,2022-08-09 07:00:00.570521,2022-08-12 08:00:00,Entrega
455,AA9001B,2116AR059-004,2022-08-08 11:56:41.903468,2022-08-10 08:00:00,Entrega
456,A104877A,1918AR015-004,2022-08-11 15:21:23.282686,2022-08-13 08:00:00,Entrega
457,A110372A,1905AR164-001,2022-08-13 07:00:00.477921,2022-08-13 14:01:08.449533,Entrega
458,A104161C,2114AR093-001,2022-08-13 14:02:10.247350,2022-08-13 17:43:44.957304,Entrega
459,A103761D,2104AR035-026,2022-08-11 11:12:14.835996,2022-08-13 08:00:00,Entrega
460,A125695B,2111AR121-003,2022-08-06 07:00:00.022037,2022-08-06 12:39:32.933756,Entrega
461,A109742A,2204AP004-002,2022-08-14 11:10:20.266599,2022-08-14 16:57:09.036484,Entrega
462,AA9001H,2010AR086-002,2022-08-08 07:00:00,2022-08-08 10:52:59.638068,Entrega
463,A103761D,2103AR033-002,2022-08-15 07:00:00,2022-08-15 13:04:20.542517,Entrega
464,A110372B,1918AR015-001,2022-08-11 17:27:17.520217,2022-08-13 08:00:00,Entrega
465,A106626A,2105AP002-001,2022-08-11 07:00:00.725051,2022-08-11 10:38:18.534241,Entrega
466,A101602B,2112AP002-012,2022-08-16 07:00:00,2022-08-16 10:34:45.381827,Entrega
467,A112522A,2210AR049-006,2022-08-07 09:02:02.031902,2022-08-07 12:24:11.724350,Entrega
468,A104877A,2117AP011-004,2022-08-14 07:00:00,2022-08-14 11:11:53.698812,Entrega
469,AA9001C,2005AR124-002,2022-08-13 13:33:36.926405,2022-08-15 08:00:00,Entrega
470,A127343A,2103AR089-002,2022-08-23 14:07:21.796862,2022-08-26 14:00:00,Entrega
471,AA9001H,2103AR072-001,2022-08-08 10:52:59.638068,2022-08-08 18:17:21.908035,Entrega
472,A110372A,2016AR017-001,2022-08-13 14:01:08.449533,2022-08-13 16:13:52.704166,Entrega
473,A104877A,2201AP003-006,2022-08-14 11:11:53.698812,2022-08-16 08:00:00,Entrega
474,A110372A,2212AR061-004,2022-08-13 16:13:52.704166,2022-08-13 19:12:49.503981,Entrega
475,A125695B,2201AP004-001,2022-08-06 12:39:32.933756,2022-08-06 18:05:26.337613,Entrega
476,A103451F,2014AP001-004,2022-08-17 07:00:00,2022-08-17 09:56:23.898465,Entrega
477,A118173B,2012AR117-005,2022-08-12 14:38:58.009783,2022-08-12 18:59:32.418924,Entrega
478,A103451A,2002AR067-001,2022-08-10 10:23:42.504938,2022-08-10 17:57:26.025677,Entrega
479,A104161C,2108AR115-002,2022-08-13 17:43:44.957304,2022-08-16 08:00:00,Entrega
480,AA9001B,2111AR038-003,2022-08-10 08:00:00,2022-08-12 08:00:00,Entrega
481,A103451D,2107AR110-005,2022-08-12 08:00:00,2022-08-15 08:00:00,Entrega
482,A112522A,2116AP011-002,2022-08-07 12:24:11.724350,2022-08-10 08:00:00,Entrega
483,A104877C,1806AR041-001,2022-08-11 08:00:00,2022-08-13 08:00:00,Entrega
484,A103451D,1907AR256-041,2022-08-16 07:00:00,2022-08-16 10:46:15.272080,Entrega
485,A110372B,2002AP004-001,2022-08-14 07:00:00,2022-08-16 08:00:00,Entrega
486,A104877C,1902AR006-007,2022-08-15 07:00:00,2022-08-17 08:00:00,Entrega
487,AA9001H,2202AR004-001,2022-08-10 07:00:00.908035,2022-08-10 13:15:31.011529,Entrega
488,A112522A,2107AR169-001,2022-08-10 08:00:00,2022-08-10 10:00:42.466679,Entrega
489,A104877A,2006AP002-004,2022-08-17 07:00:00,2022-08-17 10:49:09.907206,Entrega
490,A115178C,2112AP005-002,2022-08-16 11:50:58.094602,2022-08-16 16:03:27.311039,Entrega
491,A103628A,2201AP005-002,2022-08-19 07:00:00.036911,2022-08-19 14:59:17.736036,Entrega
492,A103958A,1908AR107-002,2022-08-20 12:40:51.345360,2022-08-20 17:38:43.698899,Entrega
493,A120540A,2108AR132-004,2022-08-13 08:00:00,2022-08-13 10:56:33.077564,Entrega
494,A101602A,2102AR027-008,2022-08-13 07:00:00.400632,2022-08-16 08:00:00,Entrega
495,A118173B,2107AR164-023,2022-08-13 07:00:00.418924,2022-08-13 10:44:35.992831,Entrega
496,A124517A,2116AR049-009,2022-08-05 09:20:16.878907,2022-08-07 08:00:00,Entrega
497,A104877C,2006AP002-001,2022-08-17 08:00:00,2022-08-17 13:22:05.995772,Entrega
498,A125695B,2200AR024-003,2022-08-07 07:00:00.337613,2022-08-09 08:00:00,Entrega
499,AA9001H,1905AR164-007,2022-08-10 13:15:31.011529,2022-08-13 08:00:00,Entrega
0,A101602A,-1,2022-08-05 00:00:00,2022-08-05 23:59:59,Parada Programada
1,A101602B,-1,2022-08-02 00:00:00,2022-08-02 23:59:59,Parada Programada
2,A102966A,-1,2022-08-05 00:00:00,2022-08-05 23:59:59,Parada Programada
3,A103296A,-1,2022-08-05 00:00:00,2022-08-05 23:59:59,Parada Programada
4,A103451A,-1,2022-08-05 00:00:00,2022-08-05 23:59:59,Parada Programada
5,A103451D,-1,2022-08-04 00:00:00,2022-08-04 23:59:59,Parada Programada
6,A103451F,-1,2022-08-01 00:00:00,2022-08-01 23:59:59,Parada Programada
7,A103628A,-1,2022-08-04 00:00:00,2022-08-04 23:59:59,Parada Programada
8,A103761D,-1,2022-08-01 00:00:00,2022-08-01 23:59:59,Parada Programada
9,A103958A,-1,2022-08-04 00:00:00,2022-08-04 23:59:59,Parada Programada
10,A104161C,-1,2022-08-04 00:00:00,2022-08-04 23:59:59,Parada Programada
11,A104877A,-1,2022-08-02 00:00:00,2022-08-02 23:59:59,Parada Programada
12,A104877C,-1,2022-08-05 00:00:00,2022-08-05 23:59:59,Parada Programada
13,A106626A,-1,2022-08-05 00:00:00,2022-08-05 23:59:59,Parada Programada
14,A107070A,-1,2022-08-04 00:00:00,2022-08-04 23:59:59,Parada Programada
15,A109742A,-1,2022-08-02 00:00:00,2022-08-02 23:59:59,Parada Programada
16,A110372A,-1,2022-08-01 00:00:00,2022-08-01 23:59:59,Parada Programada
17,A110372B,-1,2022-08-05 00:00:00,2022-08-05 23:59:59,Parada Programada
18,A112522A,-1,2022-08-01 00:00:00,2022-08-01 23:59:59,Parada Programada
19,A114833A,-1,2022-08-04 00:00:00,2022-08-04 23:59:59,Parada Programada
20,A115178B,-1,2022-08-02 00:00:00,2022-08-02 23:59:59,Parada Programada
21,A115178C,-1,2022-08-01 00:00:00,2022-08-01 23:59:59,Parada Programada
22,A118173B,-1,2022-08-03 00:00:00,2022-08-03 23:59:59,Parada Programada
23,A120540A,-1,2022-08-02 00:00:00,2022-08-02 23:59:59,Parada Programada
24,A121837A,-1,2022-08-05 00:00:00,2022-08-05 23:59:59,Parada Programada
25,A124517A,-1,2022-08-04 00:00:00,2022-08-04 23:59:59,Parada Programada
26,A125695B,-1,2022-08-03 00:00:00,2022-08-03 23:59:59,Parada Programada
27,A127343A,-1,2022-08-03 00:00:00,2022-08-03 23:59:59,Parada Programada
28,A127958B,-1,2022-08-01 00:00:00,2022-08-01 23:59:59,Parada Programada
29,A129527A,-1,2022-08-04 00:00:00,2022-08-04 23:59:59,Parada Programada
30,AA9001B,-1,2022-08-02 00:00:00,2022-08-02 23:59:59,Parada Programada
31,AA9001C,-1,2022-08-05 00:00:00,2022-08-05 23:59:59,Parada Programada
32,AA9001D,-1,2022-08-05 00:00:00,2022-08-05 23:59:59,Parada Programada
33,AA9001F,-1,2022-08-05 00:00:00,2022-08-05 23:59:59,Parada Programada
34,AA9001H,-1,2022-08-02 00:00:00,2022-08-02 23:59:59,Parada Programada
35,A101602A,-1,2022-08-09 00:00:00,2022-08-09 23:59:59,Parada Programada
36,A101602B,-1,2022-08-09 00:00:00,2022-08-09 23:59:59,Parada Programada
37,A102966A,-1,2022-08-09 00:00:00,2022-08-09 23:59:59,Parada Programada
38,A103296A,-1,2022-08-07 00:00:00,2022-08-07 23:59:59,Parada Programada
39,A103451A,-1,2022-08-08 00:00:00,2022-08-08 23:59:59,Parada Programada
40,A103451D,-1,2022-08-07 00:00:00,2022-08-07 23:59:59,Parada Programada
41,A103451F,-1,2022-08-09 00:00:00,2022-08-09 23:59:59,Parada Programada
42,A103628A,-1,2022-08-09 00:00:00,2022-08-09 23:59:59,Parada Programada
43,A103761D,-1,2022-08-07 00:00:00,2022-08-07 23:59:59,Parada Programada
44,A103958A,-1,2022-08-09 00:00:00,2022-08-09 23:59:59,Parada Programada
45,A104161C,-1,2022-08-08 00:00:00,2022-08-08 23:59:59,Parada Programada
46,A104877A,-1,2022-08-09 00:00:00,2022-08-09 23:59:59,Parada Programada
47,A104877C,-1,2022-08-07 00:00:00,2022-08-07 23:59:59,Parada Programada
48,A106626A,-1,2022-08-08 00:00:00,2022-08-08 23:59:59,Parada Programada
49,A107070A,-1,2022-08-07 00:00:00,2022-08-07 23:59:59,Parada Programada
50,A109742A,-1,2022-08-09 00:00:00,2022-08-09 23:59:59,Parada Programada
51,A110372A,-1,2022-08-08 00:00:00,2022-08-08 23:59:59,Parada Programada
52,A110372B,-1,2022-08-09 00:00:00,2022-08-09 23:59:59,Parada Programada
53,A112522A,-1,2022-08-09 00:00:00,2022-08-09 23:59:59,Parada Programada
54,A114833A,-1,2022-08-07 00:00:00,2022-08-07 23:59:59,Parada Programada
55,A115178B,-1,2022-08-08 00:00:00,2022-08-08 23:59:59,Parada Programada
56,A115178C,-1,2022-08-09 00:00:00,2022-08-09 23:59:59,Parada Programada
57,A118173B,-1,2022-08-09 00:00:00,2022-08-09 23:59:59,Parada Programada
58,A120540A,-1,2022-08-09 00:00:00,2022-08-09 23:59:59,Parada Programada
59,A121837A,-1,2022-08-07 00:00:00,2022-08-07 23:59:59,Parada Programada
60,A124517A,-1,2022-08-08 00:00:00,2022-08-08 23:59:59,Parada Programada
61,A125695B,-1,2022-08-08 00:00:00,2022-08-08 23:59:59,Parada Programada
62,A127343A,-1,2022-08-08 00:00:00,2022-08-08 23:59:59,Parada Programada
63,A127958B,-1,2022-08-08 00:00:00,2022-08-08 23:59:59,Parada Programada
64,A129527A,-1,2022-08-09 00:00:00,2022-08-09 23:59:59,Parada Programada
65,AA9001B,-1,2022-08-07 00:00:00,2022-08-07 23:59:59,Parada Programada
66,AA9001C,-1,2022-08-09 00:00:00,2022-08-09 23:59:59,Parada Programada
67,AA9001D,-1,2022-08-09 00:00:00,2022-08-09 23:59:59,Parada Programada
68,AA9001F,-1,2022-08-08 00:00:00,2022-08-08 23:59:59,Parada Programada
69,AA9001H,-1,2022-08-09 00:00:00,2022-08-09 23:59:59,Parada Programada
70,A101602A,-1,2022-08-12 00:00:00,2022-08-12 23:59:59,Parada Programada
71,A101602B,-1,2022-08-11 00:00:00,2022-08-11 23:59:59,Parada Programada
72,A102966A,-1,2022-08-12 00:00:00,2022-08-12 23:59:59,Parada Programada
73,A103296A,-1,2022-08-12 00:00:00,2022-08-12 23:59:59,Parada Programada
74,A103451A,-1,2022-08-12 00:00:00,2022-08-12 23:59:59,Parada Programada
75,A103451D,-1,2022-08-11 00:00:00,2022-08-11 23:59:59,Parada Programada
76,A103451F,-1,2022-08-12 00:00:00,2022-08-12 23:59:59,Parada Programada
77,A103628A,-1,2022-08-12 00:00:00,2022-08-12 23:59:59,Parada Programada
78,A103761D,-1,2022-08-12 00:00:00,2022-08-12 23:59:59,Parada Programada
79,A103958A,-1,2022-08-11 00:00:00,2022-08-11 23:59:59,Parada Programada
80,A104161C,-1,2022-08-12 00:00:00,2022-08-12 23:59:59,Parada Programada
81,A104877A,-1,2022-08-12 00:00:00,2022-08-12 23:59:59,Parada Programada
82,A104877C,-1,2022-08-12 00:00:00,2022-08-12 23:59:59,Parada Programada
83,A106626A,-1,2022-08-12 00:00:00,2022-08-12 23:59:59,Parada Programada
84,A107070A,-1,2022-08-11 00:00:00,2022-08-11 23:59:59,Parada Programada
85,A109742A,-1,2022-08-12 00:00:00,2022-08-12 23:59:59,Parada Programada
86,A110372A,-1,2022-08-12 00:00:00,2022-08-12 23:59:59,Parada Programada
87,A110372B,-1,2022-08-12 00:00:00,2022-08-12 23:59:59,Parada Programada
88,A112522A,-1,2022-08-11 00:00:00,2022-08-11 23:59:59,Parada Programada
89,A114833A,-1,2022-08-11 00:00:00,2022-08-11 23:59:59,Parada Programada
90,A115178B,-1,2022-08-11 00:00:00,2022-08-11 23:59:59,Parada Programada
91,A115178C,-1,2022-08-11 00:00:00,2022-08-11 23:59:59,Parada Programada
92,A118173B,-1,2022-08-11 00:00:00,2022-08-11 23:59:59,Parada Programada
93,A120540A,-1,2022-08-12 00:00:00,2022-08-12 23:59:59,Parada Programada
94,A121837A,-1,2022-08-11 00:00:00,2022-08-11 23:59:59,Parada Programada
95,A124517A,-1,2022-08-12 00:00:00,2022-08-12 23:59:59,Parada Programada
96,A125695B,-1,2022-08-11 00:00:00,2022-08-11 23:59:59,Parada Programada
97,A127343A,-1,2022-08-11 00:00:00,2022-08-11 23:59:59,Parada Programada
98,A127958B,-1,2022-08-12 00:00:00,2022-08-12 23:59:59,Parada Programada
99,A129527A,-1,2022-08-12 00:00:00,2022-08-12 23:59:59,Parada Programada
100,AA9001B,-1,2022-08-11 00:00:00,2022-08-11 23:59:59,Parada Programada
101,AA9001C,-1,2022-08-12 00:00:00,2022-08-12 23:59:59,Parada Programada
102,AA9001D,-1,2022-08-12 00:00:00,2022-08-12 23:59:59,Parada Programada
103,AA9001F,-1,2022-08-12 00:00:00,2022-08-12 23:59:59,Parada Programada
104,AA9001H,-1,2022-08-12 00:00:00,2022-08-12 23:59:59,Parada Programada
105,A101602A,-1,2022-08-15 00:00:00,2022-08-15 23:59:59,Parada Programada
106,A101602B,-1,2022-08-14 00:00:00,2022-08-14 23:59:59,Parada Programada
107,A102966A,-1,2022-08-15 00:00:00,2022-08-15 23:59:59,Parada Programada
108,A103296A,-1,2022-08-16 00:00:00,2022-08-16 23:59:59,Parada Programada
109,A103451A,-1,2022-08-16 00:00:00,2022-08-16 23:59:59,Parada Programada
110,A103451D,-1,2022-08-14 00:00:00,2022-08-14 23:59:59,Parada Programada
111,A103451F,-1,2022-08-16 00:00:00,2022-08-16 23:59:59,Parada Programada
112,A103628A,-1,2022-08-14 00:00:00,2022-08-14 23:59:59,Parada Programada
113,A103761D,-1,2022-08-14 00:00:00,2022-08-14 23:59:59,Parada Programada
114,A103958A,-1,2022-08-16 00:00:00,2022-08-16 23:59:59,Parada Programada
115,A104161C,-1,2022-08-15 00:00:00,2022-08-15 23:59:59,Parada Programada
116,A104877A,-1,2022-08-15 00:00:00,2022-08-15 23:59:59,Parada Programada
117,A104877C,-1,2022-08-14 00:00:00,2022-08-14 23:59:59,Parada Programada
118,A106626A,-1,2022-08-14 00:00:00,2022-08-14 23:59:59,Parada Programada
119,A107070A,-1,2022-08-14 00:00:00,2022-08-14 23:59:59,Parada Programada
120,A109742A,-1,2022-08-15 00:00:00,2022-08-15 23:59:59,Parada Programada
121,A110372A,-1,2022-08-15 00:00:00,2022-08-15 23:59:59,Parada Programada
122,A110372B,-1,2022-08-15 00:00:00,2022-08-15 23:59:59,Parada Programada
123,A112522A,-1,2022-08-14 00:00:00,2022-08-14 23:59:59,Parada Programada
124,A114833A,-1,2022-08-15 00:00:00,2022-08-15 23:59:59,Parada Programada
125,A115178B,-1,2022-08-15 00:00:00,2022-08-15 23:59:59,Parada Programada
126,A115178C,-1,2022-08-14 00:00:00,2022-08-14 23:59:59,Parada Programada
127,A118173B,-1,2022-08-15 00:00:00,2022-08-15 23:59:59,Parada Programada
128,A120540A,-1,2022-08-16 00:00:00,2022-08-16 23:59:59,Parada Programada
129,A121837A,-1,2022-08-15 00:00:00,2022-08-15 23:59:59,Parada Programada
130,A124517A,-1,2022-08-14 00:00:00,2022-08-14 23:59:59,Parada Programada
131,A125695B,-1,2022-08-16 00:00:00,2022-08-16 23:59:59,Parada Programada
132,A127343A,-1,2022-08-15 00:00:00,2022-08-15 23:59:59,Parada Programada
133,A127958B,-1,2022-08-14 00:00:00,2022-08-14 23:59:59,Parada Programada
134,A129527A,-1,2022-08-14 00:00:00,2022-08-14 23:59:59,Parada Programada
135,AA9001B,-1,2022-08-14 00:00:00,2022-08-14 23:59:59,Parada Programada
136,AA9001C,-1,2022-08-16 00:00:00,2022-08-16 23:59:59,Parada Programada
137,AA9001D,-1,2022-08-16 00:00:00,2022-08-16 23:59:59,Parada Programada
138,AA9001F,-1,2022-08-14 00:00:00,2022-08-14 23:59:59,Parada Programada
139,AA9001H,-1,2022-08-15 00:00:00,2022-08-15 23:59:59,Parada Programada
140,A101602A,-1,2022-08-18 00:00:00,2022-08-18 23:59:59,Parada Programada
141,A101602B,-1,2022-08-19 00:00:00,2022-08-19 23:59:59,Parada Programada
142,A102966A,-1,2022-08-18 00:00:00,2022-08-18 23:59:59,Parada Programada
143,A103296A,-1,2022-08-18 00:00:00,2022-08-18 23:59:59,Parada Programada
144,A103451A,-1,2022-08-19 00:00:00,2022-08-19 23:59:59,Parada Programada
145,A103451D,-1,2022-08-19 00:00:00,2022-08-19 23:59:59,Parada Programada
146,A103451F,-1,2022-08-19 00:00:00,2022-08-19 23:59:59,Parada Programada
147,A103628A,-1,2022-08-18 00:00:00,2022-08-18 23:59:59,Parada Programada
148,A103761D,-1,2022-08-18 00:00:00,2022-08-18 23:59:59,Parada Programada
149,A103958A,-1,2022-08-18 00:00:00,2022-08-18 23:59:59,Parada Programada
150,A104161C,-1,2022-08-19 00:00:00,2022-08-19 23:59:59,Parada Programada
151,A104877A,-1,2022-08-19 00:00:00,2022-08-19 23:59:59,Parada Programada
152,A104877C,-1,2022-08-19 00:00:00,2022-08-19 23:59:59,Parada Programada
153,A106626A,-1,2022-08-18 00:00:00,2022-08-18 23:59:59,Parada Programada
154,A107070A,-1,2022-08-18 00:00:00,2022-08-18 23:59:59,Parada Programada
155,A109742A,-1,2022-08-19 00:00:00,2022-08-19 23:59:59,Parada Programada
156,A110372A,-1,2022-08-18 00:00:00,2022-08-18 23:59:59,Parada Programada
157,A110372B,-1,2022-08-19 00:00:00,2022-08-19 23:59:59,Parada Programada
158,A112522A,-1,2022-08-18 00:00:00,2022-08-18 23:59:59,Parada Programada
159,A114833A,-1,2022-08-18 00:00:00,2022-08-18 23:59:59,Parada Programada
160,A115178B,-1,2022-08-18 00:00:00,2022-08-18 23:59:59,Parada Programada
161,A115178C,-1,2022-08-19 00:00:00,2022-08-19 23:59:59,Parada Programada
162,A118173B,-1,2022-08-18 00:00:00,2022-08-18 23:59:59,Parada Programada
163,A120540A,-1,2022-08-19 00:00:00,2022-08-19 23:59:59,Parada Programada
164,A121837A,-1,2022-08-18 00:00:00,2022-08-18 23:59:59,Parada Programada
165,A124517A,-1,2022-08-18 00:00:00,2022-08-18 23:59:59,Parada Programada
166,A125695B,-1,2022-08-19 00:00:00,2022-08-19 23:59:59,Parada Programada
167,A127343A,-1,2022-08-18 00:00:00,2022-08-18 23:59:59,Parada Programada
168,A127958B,-1,2022-08-18 00:00:00,2022-08-18 23:59:59,Parada Programada
169,A129527A,-1,2022-08-18 00:00:00,2022-08-18 23:59:59,Parada Programada
170,AA9001B,-1,2022-08-18 00:00:00,2022-08-18 23:59:59,Parada Programada
171,AA9001C,-1,2022-08-18 00:00:00,2022-08-18 23:59:59,Parada Programada
172,AA9001D,-1,2022-08-18 00:00:00,2022-08-18 23:59:59,Parada Programada
173,AA9001F,-1,2022-08-18 00:00:00,2022-08-18 23:59:59,Parada Programada
174,AA9001H,-1,2022-08-18 00:00:00,2022-08-18 23:59:59,Parada Programada
175,A101602A,-1,2022-08-21 00:00:00,2022-08-21 23:59:59,Parada Programada
176,A101602B,-1,2022-08-22 00:00:00,2022-08-22 23:59:59,Parada Programada
177,A102966A,-1,2022-08-21 00:00:00,2022-08-21 23:59:59,Parada Programada
178,A103296A,-1,2022-08-23 00:00:00,2022-08-23 23:59:59,Parada Programada
179,A103451A,-1,2022-08-23 00:00:00,2022-08-23 23:59:59,Parada Programada
180,A103451D,-1,2022-08-22 00:00:00,2022-08-22 23:59:59,Parada Programada
181,A103451F,-1,2022-08-21 00:00:00,2022-08-21 23:59:59,Parada Programada
182,A103628A,-1,2022-08-21 00:00:00,2022-08-21 23:59:59,Parada Programada
183,A103761D,-1,2022-08-23 00:00:00,2022-08-23 23:59:59,Parada Programada
184,A103958A,-1,2022-08-22 00:00:00,2022-08-22 23:59:59,Parada Programada
185,A104161C,-1,2022-08-21 00:00:00,2022-08-21 23:59:59,Parada Programada
186,A104877A,-1,2022-08-22 00:00:00,2022-08-22 23:59:59,Parada Programada
187,A104877C,-1,2022-08-23 00:00:00,2022-08-23 23:59:59,Parada Programada
188,A106626A,-1,2022-08-21 00:00:00,2022-08-21 23:59:59,Parada Programada
189,A107070A,-1,2022-08-21 00:00:00,2022-08-21 23:59:59,Parada Programada
190,A109742A,-1,2022-08-21 00:00:00,2022-08-21 23:59:59,Parada Programada
191,A110372A,-1,2022-08-22 00:00:00,2022-08-22 23:59:59,Parada Programada
192,A110372B,-1,2022-08-23 00:00:00,2022-08-23 23:59:59,Parada Programada
193,A112522A,-1,2022-08-23 00:00:00,2022-08-23 23:59:59,Parada Programada
194,A114833A,-1,2022-08-21 00:00:00,2022-08-21 23:59:59,Parada Programada
195,A115178B,-1,2022-08-22 00:00:00,2022-08-22 23:59:59,Parada Programada
196,A115178C,-1,2022-08-23 00:00:00,2022-08-23 23:59:59,Parada Programada
197,A118173B,-1,2022-08-22 00:00:00,2022-08-22 23:59:59,Parada Programada
198,A120540A,-1,2022-08-22 00:00:00,2022-08-22 23:59:59,Parada Programada
199,A121837A,-1,2022-08-21 00:00:00,2022-08-21 23:59:59,Parada Programada
200,A124517A,-1,2022-08-22 00:00:00,2022-08-22 23:59:59,Parada Programada
201,A125695B,-1,2022-08-23 00:00:00,2022-08-23 23:59:59,Parada Programada
202,A127343A,-1,2022-08-22 00:00:00,2022-08-22 23:59:59,Parada Programada
203,A127958B,-1,2022-08-22 00:00:00,2022-08-22 23:59:59,Parada Programada
204,A129527A,-1,2022-08-21 00:00:00,2022-08-21 23:59:59,Parada Programada
205,AA9001B,-1,2022-08-23 00:00:00,2022-08-23 23:59:59,Parada Programada
206,AA9001C,-1,2022-08-21 00:00:00,2022-08-21 23:59:59,Parada Programada
207,AA9001D,-1,2022-08-22 00:00:00,2022-08-22 23:59:59,Parada Programada
208,AA9001F,-1,2022-08-21 00:00:00,2022-08-21 23:59:59,Parada Programada
209,AA9001H,-1,2022-08-22 00:00:00,2022-08-22 23:59:59,Parada Programada
210,A101602A,-1,2022-08-25 00:00:00,2022-08-25 23:59:59,Parada Programada
211,A101602B,-1,2022-08-26 00:00:00,2022-08-26 23:59:59,Parada Programada
212,A102966A,-1,2022-08-26 00:00:00,2022-08-26 23:59:59,Parada Programada
213,A103296A,-1,2022-08-26 00:00:00,2022-08-26 23:59:59,Parada Programada
214,A103451A,-1,2022-08-26 00:00:00,2022-08-26 23:59:59,Parada Programada
215,A103451D,-1,2022-08-25 00:00:00,2022-08-25 23:59:59,Parada Programada
216,A103451F,-1,2022-08-25 00:00:00,2022-08-25 23:59:59,Parada Programada
217,A103628A,-1,2022-08-25 00:00:00,2022-08-25 23:59:59,Parada Programada
218,A103761D,-1,2022-08-25 00:00:00,2022-08-25 23:59:59,Parada Programada
219,A103958A,-1,2022-08-26 00:00:00,2022-08-26 23:59:59,Parada Programada
220,A104161C,-1,2022-08-25 00:00:00,2022-08-25 23:59:59,Parada Programada
221,A104877A,-1,2022-08-26 00:00:00,2022-08-26 23:59:59,Parada Programada
222,A104877C,-1,2022-08-25 00:00:00,2022-08-25 23:59:59,Parada Programada
223,A106626A,-1,2022-08-25 00:00:00,2022-08-25 23:59:59,Parada Programada
224,A107070A,-1,2022-08-25 00:00:00,2022-08-25 23:59:59,Parada Programada
225,A109742A,-1,2022-08-25 00:00:00,2022-08-25 23:59:59,Parada Programada
226,A110372A,-1,2022-08-25 00:00:00,2022-08-25 23:59:59,Parada Programada
227,A110372B,-1,2022-08-26 00:00:00,2022-08-26 23:59:59,Parada Programada
228,A112522A,-1,2022-08-25 00:00:00,2022-08-25 23:59:59,Parada Programada
229,A114833A,-1,2022-08-26 00:00:00,2022-08-26 23:59:59,Parada Programada
230,A115178B,-1,2022-08-25 00:00:00,2022-08-25 23:59:59,Parada Programada
231,A115178C,-1,2022-08-26 00:00:00,2022-08-26 23:59:59,Parada Programada
232,A118173B,-1,2022-08-25 00:00:00,2022-08-25 23:59:59,Parada Programada
233,A120540A,-1,2022-08-26 00:00:00,2022-08-26 23:59:59,Parada Programada
234,A121837A,-1,2022-08-25 00:00:00,2022-08-25 23:59:59,Parada Programada
235,A124517A,-1,2022-08-25 00:00:00,2022-08-25 23:59:59,Parada Programada
236,A125695B,-1,2022-08-25 00:00:00,2022-08-25 23:59:59,Parada Programada
237,A127343A,-1,2022-08-25 00:00:00,2022-08-25 23:59:59,Parada Programada
238,A127958B,-1,2022-08-25 00:00:00,2022-08-25 23:59:59,Parada Programada
239,A129527A,-1,2022-08-26 00:00:00,2022-08-26 23:59:59,Parada Programada
240,AA9001B,-1,2022-08-26 00:00:00,2022-08-26 23:59:59,Parada Programada
241,AA9001C,-1,2022-08-25 00:00:00,2022-08-25 23:59:59,Parada Programada
242,AA9001D,-1,2022-08-26 00:00:00,2022-08-26 23:59:59,Parada Programada
243,AA9001F,-1,2022-08-25 00:00:00,2022-08-25 23:59:59,Parada Programada
244,AA9001H,-1,2022-08-25 00:00:00,2022-08-25 23:59:59,Parada Programada
245,A101602A,-1,2022-08-28 00:00:00,2022-08-28 23:59:59,Parada Programada
246,A101602B,-1,2022-08-28 00:00:00,2022-08-28 23:59:59,Parada Programada
247,A102966A,-1,2022-08-30 00:00:00,2022-08-30 23:59:59,Parada Programada
248,A103296A,-1,2022-08-30 00:00:00,2022-08-30 23:59:59,Parada Programada
249,A103451A,-1,2022-08-29 00:00:00,2022-08-29 23:59:59,Parada Programada
250,A103451D,-1,2022-08-30 00:00:00,2022-08-30 23:59:59,Parada Programada
251,A103451F,-1,2022-08-28 00:00:00,2022-08-28 23:59:59,Parada Programada
252,A103628A,-1,2022-08-29 00:00:00,2022-08-29 23:59:59,Parada Programada
253,A103761D,-1,2022-08-30 00:00:00,2022-08-30 23:59:59,Parada Programada
254,A103958A,-1,2022-08-28 00:00:00,2022-08-28 23:59:59,Parada Programada
255,A104161C,-1,2022-08-29 00:00:00,2022-08-29 23:59:59,Parada Programada
256,A104877A,-1,2022-08-28 00:00:00,2022-08-28 23:59:59,Parada Programada
257,A104877C,-1,2022-08-30 00:00:00,2022-08-30 23:59:59,Parada Programada
258,A106626A,-1,2022-08-30 00:00:00,2022-08-30 23:59:59,Parada Programada
259,A107070A,-1,2022-08-30 00:00:00,2022-08-30 23:59:59,Parada Programada
260,A109742A,-1,2022-08-29 00:00:00,2022-08-29 23:59:59,Parada Programada
261,A110372A,-1,2022-08-28 00:00:00,2022-08-28 23:59:59,Parada Programada
262,A110372B,-1,2022-08-28 00:00:00,2022-08-28 23:59:59,Parada Programada
263,A112522A,-1,2022-08-30 00:00:00,2022-08-30 23:59:59,Parada Programada
264,A114833A,-1,2022-08-29 00:00:00,2022-08-29 23:59:59,Parada Programada
265,A115178B,-1,2022-08-28 00:00:00,2022-08-28 23:59:59,Parada Programada
266,A115178C,-1,2022-08-28 00:00:00,2022-08-28 23:59:59,Parada Programada
267,A118173B,-1,2022-08-28 00:00:00,2022-08-28 23:59:59,Parada Programada
268,A120540A,-1,2022-08-28 00:00:00,2022-08-28 23:59:59,Parada Programada
269,A121837A,-1,2022-08-28 00:00:00,2022-08-28 23:59:59,Parada Programada
270,A124517A,-1,2022-08-30 00:00:00,2022-08-30 23:59:59,Parada Programada
271,A125695B,-1,2022-08-30 00:00:00,2022-08-30 23:59:59,Parada Programada
272,A127343A,-1,2022-08-28 00:00:00,2022-08-28 23:59:59,Parada Programada
273,A127958B,-1,2022-08-29 00:00:00,2022-08-29 23:59:59,Parada Programada
274,A129527A,-1,2022-08-30 00:00:00,2022-08-30 23:59:59,Parada Programada
275,AA9001B,-1,2022-08-28 00:00:00,2022-08-28 23:59:59,Parada Programada
276,AA9001C,-1,2022-08-29 00:00:00,2022-08-29 23:59:59,Parada Programada
277,AA9001D,-1,2022-08-30 00:00:00,2022-08-30 23:59:59,Parada Programada
278,AA9001F,-1,2022-08-30 00:00:00,2022-08-30 23:59:59,Parada Programada
279,AA9001H,-1,2022-08-30 00:00:00,2022-08-30 23:59:59,Parada Programada
280,A101602A,-1,2022-09-02 00:00:00,2022-09-02 23:59:59,Parada Programada
281,A101602B,-1,2022-09-01 00:00:00,2022-09-01 23:59:59,Parada Programada
282,A102966A,-1,2022-09-02 00:00:00,2022-09-02 23:59:59,Parada Programada
283,A103296A,-1,2022-09-01 00:00:00,2022-09-01 23:59:59,Parada Programada
284,A103451A,-1,2022-09-02 00:00:00,2022-09-02 23:59:59,Parada Programada
285,A103451D,-1,2022-09-02 00:00:00,2022-09-02 23:59:59,Parada Programada
286,A103451F,-1,2022-09-01 00:00:00,2022-09-01 23:59:59,Parada Programada
287,A103628A,-1,2022-09-02 00:00:00,2022-09-02 23:59:59,Parada Programada
288,A103761D,-1,2022-09-01 00:00:00,2022-09-01 23:59:59,Parada Programada
289,A103958A,-1,2022-09-02 00:00:00,2022-09-02 23:59:59,Parada Programada
290,A104161C,-1,2022-09-01 00:00:00,2022-09-01 23:59:59,Parada Programada
291,A104877A,-1,2022-09-02 00:00:00,2022-09-02 23:59:59,Parada Programada
292,A104877C,-1,2022-09-02 00:00:00,2022-09-02 23:59:59,Parada Programada
293,A106626A,-1,2022-09-02 00:00:00,2022-09-02 23:59:59,Parada Programada
294,A107070A,-1,2022-09-01 00:00:00,2022-09-01 23:59:59,Parada Programada
295,A109742A,-1,2022-09-02 00:00:00,2022-09-02 23:59:59,Parada Programada
296,A110372A,-1,2022-09-02 00:00:00,2022-09-02 23:59:59,Parada Programada
297,A110372B,-1,2022-09-02 00:00:00,2022-09-02 23:59:59,Parada Programada
298,A112522A,-1,2022-09-01 00:00:00,2022-09-01 23:59:59,Parada Programada
299,A114833A,-1,2022-09-01 00:00:00,2022-09-01 23:59:59,Parada Programada
300,A115178B,-1,2022-09-01 00:00:00,2022-09-01 23:59:59,Parada Programada
301,A115178C,-1,2022-09-02 00:00:00,2022-09-02 23:59:59,Parada Programada
302,A118173B,-1,2022-09-02 00:00:00,2022-09-02 23:59:59,Parada Programada
303,A120540A,-1,2022-09-01 00:00:00,2022-09-01 23:59:59,Parada Programada
304,A121837A,-1,2022-09-02 00:00:00,2022-09-02 23:59:59,Parada Programada
305,A124517A,-1,2022-09-02 00:00:00,2022-09-02 23:59:59,Parada Programada
306,A125695B,-1,2022-09-02 00:00:00,2022-09-02 23:59:59,Parada Programada
307,A127343A,-1,2022-09-02 00:00:00,2022-09-02 23:59:59,Parada Programada
308,A127958B,-1,2022-09-02 00:00:00,2022-09-02 23:59:59,Parada Programada
309,A129527A,-1,2022-09-02 00:00:00,2022-09-02 23:59:59,Parada Programada
310,AA9001B,-1,2022-09-01 00:00:00,2022-09-01 23:59:59,Parada Programada
311,AA9001C,-1,2022-09-02 00:00:00,2022-09-02 23:59:59,Parada Programada
312,AA9001D,-1,2022-09-02 00:00:00,2022-09-02 23:59:59,Parada Programada
313,AA9001F,-1,2022-09-02 00:00:00,2022-09-02 23:59:59,Parada Programada
314,AA9001H,-1,2022-09-01 00:00:00,2022-09-01 23:59:59,Parada Programada
315,A101602A,-1,2022-09-06 00:00:00,2022-09-06 23:59:59,Parada Programada
316,A101602B,-1,2022-09-06 00:00:00,2022-09-06 23:59:59,Parada Programada
317,A102966A,-1,2022-09-06 00:00:00,2022-09-06 23:59:59,Parada Programada
318,A103296A,-1,2022-09-05 00:00:00,2022-09-05 23:59:59,Parada Programada
319,A103451A,-1,2022-09-05 00:00:00,2022-09-05 23:59:59,Parada Programada
320,A103451D,-1,2022-09-05 00:00:00,2022-09-05 23:59:59,Parada Programada
321,A103451F,-1,2022-09-04 00:00:00,2022-09-04 23:59:59,Parada Programada
322,A103628A,-1,2022-09-06 00:00:00,2022-09-06 23:59:59,Parada Programada
323,A103761D,-1,2022-09-06 00:00:00,2022-09-06 23:59:59,Parada Programada
324,A103958A,-1,2022-09-06 00:00:00,2022-09-06 23:59:59,Parada Programada
325,A104161C,-1,2022-09-06 00:00:00,2022-09-06 23:59:59,Parada Programada
326,A104877A,-1,2022-09-06 00:00:00,2022-09-06 23:59:59,Parada Programada
327,A104877C,-1,2022-09-04 00:00:00,2022-09-04 23:59:59,Parada Programada
328,A106626A,-1,2022-09-05 00:00:00,2022-09-05 23:59:59,Parada Programada
329,A107070A,-1,2022-09-05 00:00:00,2022-09-05 23:59:59,Parada Programada
330,A109742A,-1,2022-09-04 00:00:00,2022-09-04 23:59:59,Parada Programada
331,A110372A,-1,2022-09-04 00:00:00,2022-09-04 23:59:59,Parada Programada
332,A110372B,-1,2022-09-06 00:00:00,2022-09-06 23:59:59,Parada Programada
333,A112522A,-1,2022-09-06 00:00:00,2022-09-06 23:59:59,Parada Programada
334,A114833A,-1,2022-09-05 00:00:00,2022-09-05 23:59:59,Parada Programada
335,A115178B,-1,2022-09-05 00:00:00,2022-09-05 23:59:59,Parada Programada
336,A115178C,-1,2022-09-05 00:00:00,2022-09-05 23:59:59,Parada Programada
337,A118173B,-1,2022-09-04 00:00:00,2022-09-04 23:59:59,Parada Programada
338,A120540A,-1,2022-09-04 00:00:00,2022-09-04 23:59:59,Parada Programada
339,A121837A,-1,2022-09-05 00:00:00,2022-09-05 23:59:59,Parada Programada
340,A124517A,-1,2022-09-06 00:00:00,2022-09-06 23:59:59,Parada Programada
341,A125695B,-1,2022-09-06 00:00:00,2022-09-06 23:59:59,Parada Programada
342,A127343A,-1,2022-09-05 00:00:00,2022-09-05 23:59:59,Parada Programada
343,A127958B,-1,2022-09-06 00:00:00,2022-09-06 23:59:59,Parada Programada
344,A129527A,-1,2022-09-06 00:00:00,2022-09-06 23:59:59,Parada Programada
345,AA9001B,-1,2022-09-04 00:00:00,2022-09-04 23:59:59,Parada Programada
346,AA9001C,-1,2022-09-05 00:00:00,2022-09-05 23:59:59,Parada Programada
347,AA9001D,-1,2022-09-05 00:00:00,2022-09-05 23:59:59,Parada Programada
348,AA9001F,-1,2022-09-06 00:00:00,2022-09-06 23:59:59,Parada Programada
349,AA9001H,-1,2022-09-06 00:00:00,2022-09-06 23:59:59,Parada Programada
